,peek_hour,uneven_flow,flow_congestion,peek_flow_congestion,line_capacity_ratio
2020/7/17,0.4,1,0.536599744,0.801632141,0.918001885
2020/7/18,0.6,0.557692308,0.131818861,0.040175769,0.198868992
2020/7/19,0.6,0.576923077,0,0,0
2020/7/20,0.4,0.730769231,0.842549694,1,1
2020/7/21,0.4,0,0.921003791,0.949780289,0.870876532
2020/7/22,0.4,0.105769231,1,0.881355932,0.965598492
2020/7/23,0.4,0.634615385,0.570360645,0.728185813,0.869934025
