{"xgb": {"day": 8.977364261860592}, "lgb": {"day": 9.582590670229264}}