{"xgb": {"day": 8.977364261860592, "\u9634_28": 8.977364261860592, "\u591a\u4e91_17": 8.977364261860592, "\u9634_12": 8.977364261860592, "\u6674_12": 8.977364261860592, "\u591a\u4e91_14": 8.977364261860592, "\u9635\u96e8_15": 8.977364261860592, "\u6674_33": 8.977364261860592, "\u591a\u4e91_33": 8.977364261860592, "\u6674_25": 8.977364261860592, "\u6674_6": 8.977364261860592}, "lgb": {"day": 9.582590670229264, "\u9634_28": 9.582590670229264, "\u591a\u4e91_17": 9.582590670229264, "\u9634_12": 9.582590670229264, "\u6674_12": 9.582590670229264, "\u591a\u4e91_14": 9.582590670229264, "\u9635\u96e8_15": 9.582590670229264, "\u6674_33": 9.582590670229264, "\u591a\u4e91_33": 9.582590670229264, "\u6674_25": 9.582590670229264, "\u6674_6": 9.582590670229264}}