{"xgb": {"day": 8.977364261860592, "\u9634_28": 8.977364261860592, "\u9634_17": 8.977364261860592}, "lgb": {"day": 9.582590670229264, "\u9634_28": 9.582590670229264, "\u9634_17": 9.582590670229264}}